,BFS,Dijkstra(1),Dijkstra(Haversine),Dijkstra(Euclidean),BellmanFord(1),BellmanFord(Euclidean),G_BFS(Haversine),G_BFS(Euclidean),"A_star(1, Euclidean)","A_star(1, Haversine)","A_star(Euclidean, Euclidean)","A_star(Euclidean, Haversine)","A_star(Haversine, Euclidean)","A_star(Haversine, Haversine)","bi_A_star(1, Euclidean)","bi_A_star(1, Haversine)","bi_A_star(Euclidean, Euclidean)","bi_A_star(Euclidean, Haversine)","bi_A_star(Haversine, Euclidean)","bi_A_star(Haversine, Haversine)"
0,0.9949207305908203,0.9992122650146484,83.9991569519043,1.9998550415039062,45.99571228027344,171.79274559020996,3.031492233276367,0.0,0.9975433349609375,31.743764877319336,0.0,34.995079040527344,5.00035285949707,50.995826721191406,0.9999275207519531,15.191793441772461,1.0044574737548828,19.000768661499023,49.002885818481445,80.99555969238281
1,1.0313987731933594,0.9715557098388672,78.00531387329102,0.9813308715820312,48.03180694580078,178.999662399292,7.968664169311523,0.9984970092773438,1.0001659393310547,32.004594802856445,1.032114028930664,32.00030326843262,13.001203536987305,32.96995162963867,0.0,14.002084732055664,1.0008811950683594,31.9979190826416,219.7122573852539,40.999650955200195
2,0.0,0.0,47.00422286987305,0.99945068359375,46.99993133544922,171.9958782196045,3.032684326171875,0.0,0.9970664978027344,16.004085540771484,0.0,19.99068260192871,6.995201110839844,9.007453918457031,0.0,7.030725479125977,0.0,14.000177383422852,41.0304069519043,15.002250671386719
3,0.9999275207519531,1.0001659393310547,74.00012016296387,1.0001659393310547,46.999216079711914,169.02637481689453,7.0056915283203125,0.0,1.0118484497070312,31.000852584838867,0.0,25.997400283813477,9.997844696044922,35.99739074707031,0.0,13.242006301879883,0.0,40.99774360656738,26.727914810180664,27.992963790893555
4,1.0182857513427734,1.01470947265625,13.00501823425293,0.9787082672119141,47.00016975402832,170.31145095825195,2.000570297241211,0.0,0.0,7.999897003173828,0.0,7.00068473815918,2.999544143676758,3.999948501586914,0.0,3.999471664428711,0.0,4.000186920166016,3.000020980834961,5.00035285949707
5,0.9996891021728516,0.0,58.00008773803711,0.0,51.999807357788086,172.6067066192627,5.00035285949707,0.0,0.0,20.999908447265625,1.0004043579101562,18.000125885009766,4.999637603759766,17.99941062927246,0.0,9.999513626098633,0.0,11.994600296020508,5.000114440917969,9.988784790039062
6,0.0,0.0,3.9987564086914062,0.0,49.00717735290527,170.67694664001465,0.99945068359375,0.0,0.0,3.9980411529541016,0.0,2.000570297241211,3.997802734375,3.999471664428711,0.0,2.003192901611328,0.9984970092773438,1.9981861114501953,2.0301342010498047,4.975557327270508
7,0.9999275207519531,1.0027885437011719,74.00178909301758,1.0018348693847656,46.66304588317871,166.99934005737305,5.00035285949707,0.0,0.9977817535400391,37.0028018951416,1.0008811950683594,30.890464782714844,12.003898620605469,26.999235153198242,0.0,10.001897811889648,0.0,29.961824417114258,18.000364303588867,12.999296188354492
8,0.0,0.0,29.996633529663086,0.0,46.78511619567871,170.96734046936035,2.0003318786621094,0.0,0.9999275207519531,9.000301361083984,0.0,10.999441146850586,2.000093460083008,4.999876022338867,0.0,4.000186920166016,0.0,14.999628067016602,6.0024261474609375,4.999876022338867
9,1.0006427764892578,1.0004043579101562,93.98603439331055,1.0008811950683594,45.99905014038086,178.03168296813965,7.969379425048828,1.0020732879638672,0.9984970092773438,36.96799278259277,1.0001659393310547,42.03081130981445,13.99993896484375,112.25485801696777,1.0006427764892578,26.999711990356445,2.004861831665039,36.99994087219238,210.1614475250244,181.99658393859863
10,1.0118484497070312,0.0,16.997814178466797,1.0006427764892578,47.00160026550293,167.9983139038086,1.9977092742919922,0.0,0.0,3.990650177001953,0.0,10.013341903686523,2.999544143676758,4.995822906494141,0.0,2.0143985748291016,0.9996891021728516,6.999969482421875,3.000020980834961,6.000280380249023
11,0.0,0.0,41.034698486328125,1.0006427764892578,47.96242713928223,166.03374481201172,2.003908157348633,0.0,0.0,21.00062370300293,0.0,13.999700546264648,3.997802734375,6.997108459472656,0.0,5.997180938720703,0.0,8.003950119018555,3.999471664428711,6.998777389526367
12,0.0,0.0,21.00229263305664,0.0,48.99907112121582,168.0006980895996,0.9987354278564453,0.0,0.9982585906982422,8.99958610534668,0.0,10.017156600952148,2.005338668823242,4.992008209228516,0.0,5.004644393920898,0.0,8.977174758911133,2.9997825622558594,7.00068473815918
13,1.0025501251220703,1.003265380859375,57.00802803039551,0.9953975677490234,48.80070686340332,169.04067993164062,3.9925575256347656,0.0,1.0018348693847656,27.760028839111328,0.0,20.999431610107422,6.995439529418945,27.9996395111084,0.0,15.645980834960938,0.9961128234863281,21.996498107910156,94.00653839111328,11.997699737548828
14,0.0,0.0,66.99800491333008,0.9627342224121094,46.999216079711914,166.66388511657715,4.000663757324219,0.0,1.0020732879638672,24.996519088745117,1.001119613647461,30.00020980834961,5.999088287353516,15.000104904174805,0.988006591796875,12.998104095458984,1.001119613647461,38.99979591369629,202.74972915649414,21.00062370300293
15,0.9787082672119141,0.0,14.990091323852539,0.9968280792236328,49.00240898132324,171.9992160797119,4.001379013061523,1.0051727294921875,0.9992122650146484,18.000125885009766,0.0,6.004571914672852,6.0024261474609375,10.005474090576172,0.9999275207519531,9.006500244140625,0.0,6.031036376953125,7.9975128173828125,12.001514434814453
16,0.0,0.0,47.99985885620117,0.9989738464355469,45.99428176879883,165.00306129455566,4.000186920166016,0.0,0.9975433349609375,19.997119903564453,0.0,20.339250564575195,7.999181747436523,17.99941062927246,0.0,11.999368667602539,0.0,22.99976348876953,132.99965858459473,15.021324157714844
17,0.0,1.001596450805664,85.71720123291016,1.0018348693847656,46.004533767700195,172.72615432739258,6.00743293762207,0.0,1.0025501251220703,31.00275993347168,0.0,36.00764274597168,8.992910385131836,57.00039863586426,0.0,18.991708755493164,0.0,33.77866744995117,353.3973693847656,28.014183044433594
18,0.0,0.0,2.9959678649902344,0.0,48.9962100982666,168.99991035461426,1.0004043579101562,0.0,0.0,2.007722854614258,0.0,2.9981136322021484,0.9996891021728516,1.9969940185546875,0.0,1.0020732879638672,0.0,2.000093460083008,1.9907951354980469,4.002094268798828
19,1.0025501251220703,0.9973049163818359,58.99548530578613,1.0039806365966797,47.005653381347656,167.00410842895508,3.9975643157958984,0.0,0.9739398956298828,18.000364303588867,0.9992122650146484,21.001338958740234,16.85643196105957,20.996809005737305,0.0,6.999969482421875,0.0,10.000467300415039,141.99519157409668,12.000083923339844
20,1.0182857513427734,0.0,16.999244689941406,0.0,47.99938201904297,167.00005531311035,2.99835205078125,0.0,0.0,4.003047943115234,0.0,7.998466491699219,5.006551742553711,9.000062942504883,0.0,3.999948501586914,1.0020732879638672,8.997201919555664,5.9986114501953125,11.001110076904297
21,0.0,1.0004043579101562,13.99540901184082,0.0,47.039031982421875,169.99340057373047,1.997232437133789,0.0,0.0,7.009267807006836,0.0,6.003618240356445,2.9952526092529297,6.004095077514648,0.0,5.015850067138672,0.0,4.000425338745117,5.003929138183594,9.999513626098633
22,1.0068416595458984,0.0,32.96542167663574,1.0018348693847656,46.99969291687012,169.00014877319336,4.000425338745117,0.0,0.0,14.00136947631836,0.0,14.99032974243164,5.00178337097168,12.006282806396484,0.0,13.012409210205078,0.0,22.002696990966797,105.99923133850098,11.996746063232422
23,1.0018348693847656,0.9968280792236328,47.00279235839844,0.9996891021728516,47.002553939819336,171.80395126342773,6.0062408447265625,0.0,1.0058879852294922,28.99909019470215,0.0,21.002769470214844,10.007619857788086,18.9971923828125,0.9820461273193359,18.000364303588867,0.0,17.997026443481445,7.9936981201171875,13.998985290527344
24,0.0,0.0,7.00068473815918,0.0,47.79934883117676,164.68334197998047,1.0025501251220703,0.0,0.0,3.025531768798828,0.0,3.0014514923095703,1.9981861114501953,4.003763198852539,0.0,2.9990673065185547,0.0,5.00035285949707,7.208347320556641,4.999399185180664
25,0.0,0.0,4.004240036010742,0.0,49.99876022338867,166.67580604553223,0.9999275207519531,0.0,0.0,2.001047134399414,0.0,2.9969215393066406,1.0006427764892578,1.9938945770263672,0.0,1.0008811950683594,1.0018348693847656,1.0030269622802734,2.000570297241211,2.999544143676758
26,1.0187625885009766,0.9813308715820312,26.99565887451172,0.9987354278564453,46.976566314697266,169.66962814331055,1.9996166229248047,0.0,0.0,12.001991271972656,0.0,11.998653411865234,2.005338668823242,5.997419357299805,1.0390281677246094,5.995750427246094,0.0,14.001846313476562,2.9997825622558594,3.999948501586914
27,0.9968280792236328,1.0066032409667969,93.9943790435791,0.9949207305908203,46.00024223327637,171.68903350830078,6.999731063842773,0.0,0.9975433349609375,42.99664497375488,0.0,41.0003662109375,7.013082504272461,15.017986297607422,1.0001659393310547,19.001245498657227,0.9999275207519531,27.011632919311523,221.9979763031006,14.97960090637207
28,0.0,0.9958744049072266,67.0003890991211,0.9942054748535156,48.007965087890625,168.99824142456055,4.00090217590332,0.0,1.0023117065429688,29.99711036682129,0.0,25.00462532043457,7.996797561645508,17.00139045715332,0.0,8.002281188964844,0.0,38.960933685302734,81.69722557067871,19.00005340576172
29,0.0,0.0,1.0488033294677734,0.0,49.98445510864258,168.70880126953125,0.0,0.0,0.0,0.0,0.0,1.0027885437011719,0.0,0.0,0.0,1.0020732879638672,0.0,0.0,0.0,1.0004043579101562
30,1.0139942169189453,0.9989738464355469,57.00063705444336,1.0023117065429688,46.99850082397461,167.00005531311035,8.00180435180664,0.99945068359375,1.0035037994384766,24.001598358154297,0.0,25.00009536743164,10.008811950683594,14.988899230957031,0.0,19.999980926513672,0.9984970092773438,21.96955680847168,16.004562377929688,16.00027084350586
31,0.9968280792236328,2.004861831665039,91.00461006164551,1.9931793212890625,47.99962043762207,171.0047721862793,8.99815559387207,0.0,2.0072460174560547,42.99807548522949,1.003265380859375,42.992591857910156,13.000249862670898,62.00003623962402,0.9975433349609375,22.997379302978516,0.0,35.0034236907959,197.9975700378418,94.99979019165039
32,0.0,0.9989738464355469,82.66401290893555,1.0035037994384766,46.003103256225586,167.00053215026855,7.997989654541016,0.0,1.0075569152832031,34.00087356567383,1.0023117065429688,40.86136817932129,9.99903678894043,33.0052375793457,0.0,25.001049041748047,1.0008811950683594,49.98946189880371,112.76745796203613,66.00213050842285
33,1.0025501251220703,0.0,78.03082466125488,0.9975433349609375,45.99452018737793,167.0074462890625,4.998207092285156,0.0,0.0,16.000032424926758,0.0,30.00044822692871,13.005495071411133,38.99717330932617,0.0,16.005516052246094,0.0,13.002157211303711,60.643911361694336,32.99522399902344
34,1.0008811950683594,0.9975433349609375,52.99782752990723,0.0,47.00779914855957,168.99871826171875,3.999471664428711,0.0,0.0,20.000219345092773,0.0,18.9969539642334,4.994392395019531,20.015716552734375,0.0,9.000301361083984,0.0,12.001276016235352,5.005359649658203,14.000415802001953
35,0.5195140838623047,1.0001659393310547,70.00017166137695,1.0001659393310547,46.99993133544922,173.69771003723145,6.000757217407227,0.0,1.0001659393310547,29.000282287597656,1.0006427764892578,28.0001163482666,10.000228881835938,40.608882904052734,0.9999275207519531,19.00005340576172,0.995635986328125,55.99260330200195,339.9999141693115,31.00275993347168
36,1.0023117065429688,0.9977817535400391,91.03107452392578,0.9937286376953125,44.9981689453125,170.99618911743164,7.000923156738281,0.0,0.9968280792236328,35.997867584228516,0.9980201721191406,40.00663757324219,12.997865676879883,94.96688842773438,1.0001659393310547,22.99189567565918,1.9998550415039062,75.00004768371582,217.4835205078125,180.9999942779541
37,0.0,0.0,12.998580932617188,0.0,49.99947547912598,167.00220108032227,2.0003318786621094,0.0,0.0,3.999948501586914,0.0,7.000207901000977,2.9997825622558594,4.999876022338867,0.0,3.000497817993164,0.0,3.999948501586914,3.000020980834961,7.000446319580078
38,0.9992122650146484,2.0008087158203125,100.00038146972656,2.000570297241211,45.999765396118164,168.0002212524414,5.000829696655273,0.0,1.0001659393310547,38.994550704956055,1.0001659393310547,44.03281211853027,6.999969482421875,32.999515533447266,0.0,10.999202728271484,0.0,27.002573013305664,6.995677947998047,36.019086837768555
39,0.9984970092773438,0.9970664978027344,87.00013160705566,1.9998550415039062,48.000335693359375,169.0654754638672,6.99925422668457,0.0,1.9998550415039062,42.84262657165527,1.0056495666503906,38.00058364868164,10.000467300415039,48.99787902832031,1.0008811950683594,21.00229263305664,0.0,23.000478744506836,12.002944946289062,35.00247001647949
40,0.0,0.9984970092773438,12.008905410766602,0.0,47.98626899719238,166.0006046295166,3.996610641479492,0.0,0.0,5.03087043762207,0.0,6.994009017944336,4.9953460693359375,11.99960708618164,0.0,5.002260208129883,0.0,8.002519607543945,10.997772216796875,13.997793197631836
41,0.9984970092773438,0.9968280792236328,81.00152015686035,2.008676528930664,45.99952697753906,171.9987392425537,12.000560760498047,0.0,0.9973049163818359,27.019500732421875,0.9989738464355469,34.00015830993652,37.00065612792969,65.33384323120117,0.0,14.004230499267578,1.0039806365966797,54.00848388671875,57.00039863586426,62.573909759521484
42,0.0,0.9987354278564453,34.00540351867676,1.0006427764892578,48.99930953979492,168.02144050598145,3.002166748046875,0.0,1.0042190551757812,16.003131866455078,0.0,11.996746063232422,3.999948501586914,14.005422592163086,0.0,5.999088287353516,0.0,9.98687744140625,54.00228500366211,16.000986099243164
43,0.0,0.0,26.999711990356445,0.0,46.00024223327637,166.99934005737305,3.9975643157958984,0.0,0.0,22.001028060913086,0.9980201721191406,11.001348495483398,5.000114440917969,11.996984481811523,0.0,4.00090217590332,1.0004043579101562,17.999887466430664,18.980979919433594,18.001317977905273
44,1.0097026824951172,0.9996891021728516,83.9986801147461,2.000570297241211,48.995018005371094,171.00000381469727,3.000020980834961,0.0,1.0027885437011719,28.00130844116211,0.0,35.99834442138672,3.9985179901123047,24.000883102416992,0.0,7.0018768310546875,1.0008811950683594,14.002084732055664,90.7127857208252,17.004013061523438
45,0.0,0.9992122650146484,59.999942779541016,1.0371208190917969,46.999216079711914,171.99993133544922,4.99415397644043,0.0,0.0,21.999835968017578,1.0030269622802734,27.0383358001709,7.00068473815918,39.00289535522461,0.0,14.005422592163086,0.0,17.002344131469727,6.999731063842773,22.003173828125
46,0.0,0.0,55.96804618835449,1.0006427764892578,48.00057411193848,171.16236686706543,3.997802734375,0.9999275207519531,0.9992122650146484,22.002220153808594,0.9973049163818359,22.99332618713379,6.999731063842773,22.99976348876953,0.0,17.998695373535156,0.0,38.99860382080078,197.00241088867188,18.998146057128906
47,1.001119613647461,1.0001659393310547,78.99284362792969,2.013683319091797,46.00238800048828,173.0053424835205,4.999876022338867,0.0,1.0001659393310547,32.99570083618164,0.0,32.00697898864746,40.00401496887207,22.002696990966797,1.0027885437011719,11.000871658325195,0.0,20.999431610107422,320.6477165222168,20.00141143798828
48,0.0,0.0,39.029836654663086,0.0,50.000667572021484,169.9995994567871,2.9997825622558594,0.0,1.0001659393310547,18.998146057128906,0.0,12.997865676879883,5.000114440917969,9.999752044677734,0.9973049163818359,7.00068473815918,0.0,18.996000289916992,8.002281188964844,9.000301361083984
49,0.0,0.0,43.00093650817871,0.0,46.029090881347656,167.0091152191162,2.000570297241211,1.0020732879638672,0.0,7.000207901000977,0.0,15.00391960144043,3.0031204223632812,4.992485046386719,0.0,3.003358840942383,0.0,6.000041961669922,1.9998550415039062,4.000663757324219
50,0.0,0.0,20.999670028686523,0.0,47.73521423339844,168.0009365081787,3.000020980834961,0.0,0.9999275207519531,11.001348495483398,0.0,10.011672973632812,4.000186920166016,9.000062942504883,0.0,6.999969482421875,1.0001659393310547,10.000228881835938,6.999731063842773,9.000062942504883
51,0.0,0.9992122650146484,58.99977684020996,0.99945068359375,45.999765396118164,176.03397369384766,3.0007362365722656,0.0,0.0,17.002582550048828,0.0,20.986557006835938,4.003047943115234,12.028694152832031,1.003265380859375,7.0056915283203125,0.0,9.99903678894043,7.998466491699219,10.002374649047852
52,0.0,0.0,32.997846603393555,0.0,45.99928855895996,173.00152778625488,2.000570297241211,1.020669937133789,0.0,9.999990463256836,0.0,12.000083923339844,5.000114440917969,7.000446319580078,0.0,4.999876022338867,0.9996891021728516,5.618095397949219,4.999876022338867,6.999969482421875
53,1.0001659393310547,2.000570297241211,104.91323471069336,1.9993782043457031,46.00048065185547,174.75175857543945,9.99760627746582,0.0,1.0020732879638672,41.0003662109375,1.0933876037597656,43.96343231201172,16.999483108520508,74.99241828918457,0.0,26.983022689819336,0.0,31.03017807006836,544.8839664459229,52.788734436035156
54,1.9977092742919922,1.0023117065429688,91.99976921081543,2.0046234130859375,53.76768112182617,168.99991035461426,20.73812484741211,1.0006427764892578,1.9860267639160156,46.99516296386719,1.0051727294921875,42.00482368469238,48.99477958679199,89.19692039489746,0.9975433349609375,25.002717971801758,0.9980201721191406,37.32037544250488,499.91893768310547,35.99905967712402
55,0.0,0.9937286376953125,26.03435516357422,0.0,48.005104064941406,171.9975471496582,3.000020980834961,0.0,0.0,6.990194320678711,0.0,9.000778198242188,4.000186920166016,9.000062942504883,0.0,4.031658172607422,0.0,4.026174545288086,4.997730255126953,6.997823715209961
56,0.0,0.0,9.000301361083984,0.9970664978027344,55.00340461730957,171.00191116333008,2.000093460083008,0.0,0.0,6.000280380249023,0.0,5.00178337097168,3.997325897216797,7.996797561645508,0.0,4.002809524536133,0.0,3.000974655151367,6.999969482421875,13.000249862670898
57,0.9963512420654297,0.0,9.999990463256836,0.0,50.995588302612305,172.99580574035645,1.9984245300292969,0.0,0.0,4.001855850219727,1.0085105895996094,4.998922348022461,3.0317306518554688,7.999420166015625,0.0,5.031585693359375,0.0,6.003856658935547,5.004405975341797,6.999969482421875
58,0.0,1.0006427764892578,82.79299736022949,0.9922981262207031,47.00016975402832,176.00035667419434,13.000249862670898,0.0,1.0025501251220703,35.00008583068848,1.0023117065429688,30.992746353149414,20.998239517211914,54.003000259399414,1.0056495666503906,17.998933792114258,1.0035037994384766,30.000686645507812,133.00061225891113,93.0018424987793
59,1.0173320770263672,0.0,23.99897575378418,0.0,47.003746032714844,166.76926612854004,2.0055770874023438,0.0,0.0,12.00103759765625,0.9977817535400391,9.977340698242188,3.002166748046875,5.999088287353516,1.0006427764892578,6.001472473144531,0.0,5.0067901611328125,28.004884719848633,8.00323486328125
60,0.0,0.0,17.995834350585938,0.9996891021728516,48.00605773925781,168.992280960083,5.000114440917969,0.0,0.0,3.0012130737304688,0.0,10.997295379638672,9.002447128295898,4.999876022338867,1.0030269622802734,4.997968673706055,0.0,8.997678756713867,212.16988563537598,7.998228073120117
61,1.0025501251220703,1.0037422180175781,79.99873161315918,0.9977817535400391,47.002315521240234,165.99678993225098,5.008697509765625,0.0,2.0017623901367188,35.999298095703125,1.0459423065185547,35.00652313232422,9.996414184570312,40.00544548034668,0.9968280792236328,21.999359130859375,0.0,28.003215789794922,349.7328758239746,21.000385284423828
62,1.0008811950683594,0.0,7.015228271484375,0.0,47.99914360046387,167.21367835998535,0.9975433349609375,0.0,0.0,4.003286361694336,0.9922981262207031,2.000093460083008,2.0003318786621094,3.0019283294677734,0.0,2.0003318786621094,0.0,3.9968490600585938,0.9925365447998047,1.9998550415039062
63,1.0063648223876953,1.0025501251220703,84.0001106262207,2.0313262939453125,45.999765396118164,170.66168785095215,9.000062942504883,0.0,1.9998550415039062,37.994384765625,0.9977817535400391,37.00113296508789,14.993906021118164,68.9997673034668,0.9999275207519531,27.00328826904297,1.0013580322265625,23.998022079467773,268.1295871734619,47.00112342834473
64,0.0,0.9644031524658203,67.99960136413574,0.9999275207519531,46.000003814697266,171.00858688354492,6.991863250732422,0.0,0.99945068359375,29.000520706176758,0.0,27.997255325317383,12.967824935913086,48.032522201538086,0.9877681732177734,20.00141143798828,1.0313987731933594,27.994394302368164,254.6977996826172,49.99947547912598
65,0.9977817535400391,0.9989738464355469,63.208818435668945,0.9701251983642578,45.99642753601074,166.0010814666748,3.9987564086914062,0.0,1.0035037994384766,26.001453399658203,1.020669937133789,26.999473571777344,5.997419357299805,16.000032424926758,0.0,10.996580123901367,0.0,14.99795913696289,5.000114440917969,16.995906829833984
66,0.0,0.0,17.99941062927246,0.0,49.00169372558594,168.0002212524414,0.9965896606445312,0.0,0.0,4.998445510864258,0.0,7.000207901000977,1.9774436950683594,6.007671356201172,0.0,3.9997100830078125,0.0,5.000591278076172,31.000614166259766,10.001182556152344
67,0.0,0.0,10.001897811889648,0.0,48.99954795837402,168.7462329864502,2.0308494567871094,0.0,0.9987354278564453,4.008293151855469,0.0,6.002902984619141,2.9997825622558594,4.998683929443359,0.0,3.9887428283691406,0.0,9.995460510253906,2.9985904693603516,5.99980354309082
68,0.0,0.0,43.99871826171875,1.0025501251220703,46.03219032287598,171.00024223327637,3.985881805419922,0.0,0.0,19.001007080078125,0.0,19.0274715423584,5.032539367675781,15.993833541870117,1.0004043579101562,12.002229690551758,0.0,11.002302169799805,5.0106048583984375,9.996891021728516
69,0.0,0.0,32.99117088317871,0.0,48.00271987915039,166.99647903442383,3.999948501586914,0.0,0.0,8.038043975830078,0.0,11.995077133178711,6.011962890625,9.999513626098633,1.0039806365966797,5.9986114501953125,0.0,9.990692138671875,23.99587631225586,14.02139663696289
70,0.9872913360595703,0.9930133819580078,82.000732421875,1.0030269622802734,46.00191116333008,165.65942764282227,9.000062942504883,0.9949207305908203,1.001119613647461,34.99722480773926,0.9973049163818359,27.9998779296875,20.000219345092773,36.99898719787598,0.0,8.002519607543945,0.0,5.99980354309082,49.00240898132324,17.003297805786133
71,1.0030269622802734,0.9987354278564453,36.99994087219238,0.9999275207519531,46.669721603393555,166.99981689453125,2.996683120727539,0.0,0.0,16.994953155517578,0.0,14.99629020690918,6.997346878051758,9.01031494140625,0.0,13.99993896484375,0.0,14.005184173583984,6.000041961669922,11.998653411865234
72,0.9984970092773438,0.0,43.5938835144043,1.0018348693847656,47.0278263092041,168.00403594970703,3.0035972595214844,0.0,0.0,19.00625228881836,0.0,18.9974308013916,5.002498626708984,10.004043579101562,0.0,11.958599090576172,0.0,12.000083923339844,80.99961280822754,13.000726699829102
73,0.0,0.0,34.01374816894531,1.0406970977783203,47.95074462890625,167.03128814697266,2.031564712524414,0.0,0.0,8.967876434326172,0.0,14.993667602539062,4.001140594482422,9.005546569824219,0.0,8.001089096069336,0.0,18.9969539642334,73.99988174438477,16.000032424926758
74,0.0,0.99945068359375,62.00122833251953,0.9672641754150391,46.00691795349121,169.99530792236328,1.9979476928710938,0.0,0.0,19.002676010131836,1.0008811950683594,26.999473571777344,2.9985904693603516,4.999637603759766,0.0,5.000114440917969,0.0,6.998777389526367,36.00287437438965,4.998207092285156
75,1.0001659393310547,1.0025501251220703,82.9765796661377,1.0001659393310547,48.00009727478027,172.96934127807617,6.999492645263672,0.0,1.9996166229248047,39.0017032623291,1.0001659393310547,35.99953651428223,10.000944137573242,41.0008430480957,1.0006427764892578,25.999784469604492,1.0006427764892578,27.00042724609375,354.62117195129395,21.000146865844727
76,0.0,0.0,3.010272979736328,0.0,48.99239540100098,165.7242774963379,1.0094642639160156,0.0,0.0,0.9996891021728516,0.0,3.0002593994140625,4.002094268798828,1.995086669921875,0.0,0.9982585906982422,0.0,1.0025501251220703,5.997419357299805,1.0018348693847656
77,0.0,0.0,22.971153259277344,0.0,46.99873924255371,177.99949645996094,2.0003318786621094,0.0,0.0,6.999492645263672,1.0030269622802734,8.031368255615234,2.999544143676758,5.966663360595703,0.0,3.002643585205078,0.0,7.996797561645508,58.71725082397461,8.001089096069336
78,0.0,0.0,16.00170135498047,0.0,50.49633979797363,169.33870315551758,4.00090217590332,0.0,0.0,9.000062942504883,0.9982585906982422,5.004644393920898,5.028247833251953,5.995988845825195,1.003265380859375,8.00013542175293,0.0,11.001110076904297,3.000020980834961,5.98597526550293
79,1.0004043579101562,0.99945068359375,37.999868392944336,0.0,46.99873924255371,167.9999828338623,2.0003318786621094,0.0,0.0,12.999773025512695,0.0,13.000249862670898,2.9997825622558594,11.722087860107422,0.0,7.000207901000977,0.0,14.000177383422852,18.000125885009766,9.000062942504883
80,1.0120868682861328,1.0001659393310547,99.00689125061035,0.9982585906982422,46.00358009338379,170.99952697753906,7.9975128173828125,0.0,1.0020732879638672,41.013479232788086,1.0025501251220703,42.00243949890137,14.663219451904297,81.99882507324219,1.0006427764892578,20.999908447265625,0.0,34.00278091430664,152.00209617614746,131.99782371520996
81,0.0,1.0006427764892578,41.9917106628418,1.0001659393310547,48.00009727478027,170.9904670715332,1.9974708557128906,0.0,0.0,16.000032424926758,0.0,19.006967544555664,2.9993057250976562,5.019903182983398,0.0,6.0100555419921875,0.0,11.000633239746094,4.002571105957031,6.024360656738281
82,0.9598731994628906,0.9996891021728516,84.99956130981445,3.01361083984375,49.00550842285156,174.00002479553223,5.002260208129883,0.0,1.0035037994384766,34.996747970581055,0.9996891021728516,36.004066467285156,9.00125503540039,40.700435638427734,1.0027885437011719,12.000560760498047,1.0006427764892578,27.004003524780273,276.2324810028076,28.00154685974121
83,0.0,0.99945068359375,63.004493713378906,1.003265380859375,48.000335693359375,171.00000381469727,6.003141403198242,1.0116100311279297,0.9999275207519531,28.999805450439453,0.0,27.00328826904297,11.980295181274414,23.981094360351562,0.0,16.00480079650879,0.0,16.00170135498047,58.00175666809082,48.00009727478027
84,0.0,1.0006427764892578,37.00089454650879,0.0,47.99985885620117,176.75352096557617,2.000093460083008,0.0,0.9999275207519531,9.000778198242188,0.0,13.00048828125,5.000591278076172,6.000041961669922,0.0,2.9993057250976562,0.0,4.008293151855469,4.006385803222656,5.997657775878906
85,1.0094642639160156,0.9980201721191406,85.00027656555176,1.0027885437011719,47.76453971862793,174.00074005126953,4.998207092285156,0.9977817535400391,1.0378360748291016,29.99734878540039,1.0042190551757812,35.99810600280762,8.99958610534668,32.99689292907715,0.0,13.968467712402344,0.9760856628417969,27.129411697387695,191.77937507629395,26.997804641723633
86,1.0013580322265625,1.0004043579101562,32.96804428100586,0.0,51.99575424194336,170.20201683044434,5.00035285949707,0.0,1.0066032409667969,18.964529037475586,0.0,12.96854019165039,8.001327514648438,13.999462127685547,0.0,5.995035171508789,0.0,14.007091522216797,125.99802017211914,19.999027252197266
87,0.9975433349609375,2.0008087158203125,65.00124931335449,0.9984970092773438,46.274423599243164,166.99647903442383,4.00233268737793,0.0,1.0025501251220703,31.969070434570312,0.0,27.9996395111084,4.999399185180664,20.000219345092773,1.0001659393310547,16.000747680664062,0.0,15.999794006347656,5.99980354309082,9.000301361083984
88,1.001119613647461,1.0004043579101562,60.00065803527832,1.0001659393310547,46.999454498291016,168.99967193603516,6.000757217407227,0.0,0.9999275207519531,30.99966049194336,1.0001659393310547,26.000499725341797,6.000518798828125,21.99840545654297,0.9999275207519531,16.99972152709961,0.0,44.001102447509766,47.002315521240234,18.9971923828125
89,1.0066032409667969,0.9996891021728516,93.99533271789551,1.0008811950683594,48.0039119720459,174.00264739990234,8.994579315185547,0.9958744049072266,1.0035037994384766,39.61491584777832,0.9980201721191406,35.00008583068848,20.99752426147461,41.00179672241211,0.0,7.997274398803711,0.0,8.000612258911133,64.68081474304199,39.997100830078125
90,0.0,0.0,23.96678924560547,0.0,47.99938201904297,167.9999828338623,3.0007362365722656,0.0,0.99945068359375,10.999917984008789,0.0,10.999917984008789,3.999948501586914,7.999897003173828,0.0,10.999917984008789,0.0,9.999990463256836,10.000228881835938,15.00391960144043
91,1.0099411010742188,0.9953975677490234,82.99970626831055,0.9977817535400391,46.99969291687012,175.9963035583496,5.008697509765625,0.0,2.0029544830322266,42.00553894042969,0.9896755218505859,35.02058982849121,7.9975128173828125,31.999826431274414,0.0,15.000343322753906,0.0,26.99446678161621,208.82582664489746,22.995948791503906
92,0.0,1.0004043579101562,13.00048828125,0.0,52.002906799316406,173.0022430419922,2.001047134399414,0.9987354278564453,0.0,8.639335632324219,0.0,5.999326705932617,3.999471664428711,6.00123405456543,0.0,2.9993057250976562,0.0,3.0024051666259766,7.000207901000977,9.994029998779297
93,3.002643585205078,1.0023117065429688,102.99372673034668,2.000093460083008,48.000335693359375,171.68903350830078,11.00015640258789,0.0,1.9941329956054688,42.00124740600586,0.0,44.998884201049805,17.000436782836914,49.00789260864258,0.0,25.998830795288086,0.9992122650146484,31.016826629638672,151.27301216125488,24.637937545776367
94,1.0018348693847656,1.001596450805664,72.00407981872559,1.0085105895996094,48.00558090209961,172.99747467041016,7.003068923950195,0.96893310546875,0.9999275207519531,31.000137329101562,1.0001659393310547,26.000261306762695,9.000301361083984,39.999961853027344,1.0001659393310547,14.9993896484375,1.0006427764892578,21.000385284423828,7.000446319580078,43.99991035461426
95,0.0,0.9992122650146484,48.999786376953125,1.0001659393310547,46.00024223327637,170.99928855895996,4.000425338745117,0.0,0.9987354278564453,16.032695770263672,0.0,18.00084114074707,12.999773025512695,11.000394821166992,0.0,5.007505416870117,0.0,5.997180938720703,50.99320411682129,5.997896194458008
96,0.9911060333251953,1.0001659393310547,80.99985122680664,1.0080337524414062,45.998573303222656,171.00048065185547,2.995729446411133,0.0,1.0013580322265625,24.999141693115234,0.0,30.79700469970703,5.002737045288086,15.024662017822266,0.0,3.002643585205078,0.0,3.998994827270508,5.00035285949707,13.00191879272461
97,0.0,0.9973049163818359,49.002885818481445,0.9975433349609375,46.9975471496582,168.6716079711914,2.000570297241211,0.0,0.0,14.999866485595703,0.0,18.9971923828125,3.0112266540527344,6.999492645263672,0.9984970092773438,12.000083923339844,0.0,31.999826431274414,29.985427856445312,8.999824523925781
98,0.5841255187988281,3.0002593994140625,90.99435806274414,1.005411148071289,47.00517654418945,169.71397399902344,6.000995635986328,0.0,0.9992122650146484,18.001556396484375,0.0,38.00320625305176,10.989665985107422,14.997720718383789,0.0,4.002571105957031,0.0,8.988618850708008,118.99971961975098,15.001773834228516
99,0.0,0.0,3.9937496185302734,0.0,52.99854278564453,173.00081253051758,0.9989738464355469,0.0,0.0,0.0,0.0,1.9993782043457031,5.814313888549805,1.0426044464111328,0.0,1.001596450805664,0.0,5.994081497192383,1.0025501251220703,2.9990673065185547
100,0.9984970092773438,1.0004043579101562,63.706159591674805,1.9986629486083984,47.00279235839844,175.0040054321289,7.012367248535156,0.0,0.0,30.00164031982422,0.9968280792236328,29.996156692504883,9.003162384033203,28.002262115478516,0.0,18.999814987182617,0.9741783142089844,44.00014877319336,9.005069732666016,29.720067977905273
101,1.020669937133789,0.0,28.000354766845703,1.0020732879638672,46.98657989501953,168.03407669067383,2.9997825622558594,0.0,0.0,9.99760627746582,0.0,10.999917984008789,4.002094268798828,10.995864868164062,0.0,2.996683120727539,0.0,5.00035285949707,21.99721336364746,12.665987014770508
102,0.9856224060058594,0.0,63.69185447692871,0.9655952453613281,46.996355056762695,172.7592945098877,7.971286773681641,0.0,0.9958744049072266,24.997472763061523,0.0,30.92789649963379,11.00015640258789,22.99809455871582,0.0,18.00227165222168,0.0,45.001983642578125,44.03185844421387,87.00084686279297
103,0.9989738464355469,0.0,45.03178596496582,0.0,51.79738998413086,173.99978637695312,3.9980411529541016,0.0,1.0352134704589844,18.000364303588867,0.9996891021728516,18.986225128173828,4.999637603759766,29.005765914916992,0.0,10.002374649047852,0.9989738464355469,29.999256134033203,4.001140594482422,11.005401611328125
104,0.0,0.9987354278564453,88.98138999938965,0.9984970092773438,47.99985885620117,171.661376953125,8.001089096069336,0.0,0.9996891021728516,22.00007438659668,0.9791851043701172,36.00287437438965,11.00015640258789,37.00137138366699,0.0,9.001016616821289,1.0035037994384766,12.999534606933594,168.02239418029785,32.000064849853516
105,0.9980201721191406,1.9986629486083984,94.67244148254395,1.9996166229248047,45.99785804748535,170.00532150268555,12.997627258300781,0.0,1.9924640655517578,39.99614715576172,0.0,45.981407165527344,13.005733489990234,29.007911682128906,0.0,13.999700546264648,0.0,50.99129676818848,17.000436782836914,23.996591567993164
106,1.0089874267578125,1.0080337524414062,84.0005874633789,2.010822296142578,47.00613021850586,170.99738121032715,6.031274795532227,0.0,1.0027885437011719,32.03916549682617,0.0,32.99903869628906,9.000062942504883,49.001455307006836,0.0,15.001058578491211,0.9758472442626953,19.00005340576172,130.99288940429688,34.01041030883789
107,0.0,0.0,16.9985294342041,0.0,48.0043888092041,169.0073013305664,4.999399185180664,0.0,0.0,12.99595832824707,0.0,8.011579513549805,6.003141403198242,10.001659393310547,0.0,8.002281188964844,1.0035037994384766,12.995004653930664,10.00070571899414,12.982606887817383
108,0.9973049163818359,1.0044574737548828,43.99728775024414,1.0018348693847656,52.00004577636719,169.9967384338379,4.000663757324219,0.0,0.9825229644775391,18.996715545654297,0.0,18.999576568603516,5.988597869873047,11.999845504760742,0.9973049163818359,12.001276016235352,0.0,31.006336212158203,5.997896194458008,13.99993896484375
109,0.0,1.0023117065429688,74.99980926513672,0.9958744049072266,47.002315521240234,173.99907112121582,7.998943328857422,0.0,1.0018348693847656,33.997535705566406,0.0,33.677101135253906,8.999824523925781,56.999921798706055,1.0027885437011719,22.00007438659668,0.0,29.000282287597656,16.982316970825195,105.38649559020996
110,0.0,0.0,11.997699737548828,0.0,50.612449645996094,168.58863830566406,1.0008811950683594,0.0,1.0006427764892578,2.9997825622558594,0.0,5.99980354309082,3.000020980834961,3.999948501586914,0.0,3.0002593994140625,0.0,8.00013542175293,20.999431610107422,5.00035285949707
111,0.0,1.0001659393310547,94.6195125579834,1.0004043579101562,46.999216079711914,170.67813873291016,7.000446319580078,1.0001659393310547,1.0001659393310547,23.999691009521484,1.0001659393310547,40.000200271606445,15.999794006347656,25.999784469604492,0.0,7.999897003173828,1.0004043579101562,17.000198364257812,116.00017547607422,40.000200271606445
112,1.0004043579101562,0.0,52.99997329711914,0.9999275207519531,46.999216079711914,168.0004596710205,5.00035285949707,0.0,0.0,23.000478744506836,0.0,22.99976348876953,7.000207901000977,13.00048828125,0.9999275207519531,19.000530242919922,0.0,25.999784469604492,189.99743461608887,12.001991271972656
113,1.0063648223876953,0.9996891021728516,94.00081634521484,2.0020008087158203,47.00469970703125,173.99954795837402,9.013175964355469,0.0,1.0020732879638672,40.00091552734375,1.0020732879638672,41.004180908203125,13.995170593261719,71.9916820526123,0.0,24.007320404052734,0.9934902191162109,31.993627548217773,564.8560523986816,78.00006866455078
114,1.0075569152832031,0.0,91.69816970825195,0.9996891021728516,46.9973087310791,169.99316215515137,2.000093460083008,0.0,1.9805431365966797,19.97065544128418,0.0,40.00210762023926,4.02379035949707,8.995294570922852,0.0,5.007266998291016,0.0,9.999752044677734,4.00090217590332,7.000207901000977
115,1.0144710540771484,0.0,42.9997444152832,0.0,47.00016975402832,171.00000381469727,4.000425338745117,0.0,0.9996891021728516,17.000436782836914,0.0,17.999649047851562,4.999876022338867,9.000301361083984,0.0,7.999897003173828,1.0001659393310547,17.999649047851562,7.999658584594727,10.999917984008789
116,1.0001659393310547,1.0001659393310547,82.0004940032959,1.0004043579101562,47.99914360046387,168.99967193603516,13.00048828125,1.001119613647461,0.9999275207519531,37.000417709350586,1.0004043579101562,30.992507934570312,26.000261306762695,41.0003662109375,0.9996891021728516,12.000083923339844,1.0001659393310547,13.000249862670898,12.999773025512695,28.999805450439453
117,1.0004043579101562,0.0,58.99953842163086,1.0006427764892578,46.999216079711914,170.7162857055664,5.000591278076172,0.0,1.0001659393310547,27.002573013305664,0.9975433349609375,25.998353958129883,6.999969482421875,16.007184982299805,0.0,18.000125885009766,0.0,20.999431610107422,5.9986114501953125,22.021055221557617
118,0.0,0.0,44.99936103820801,0.9970664978027344,46.994924545288086,170.99976539611816,7.00068473815918,0.9987354278564453,0.0,8.002281188964844,0.9996891021728516,17.000198364257812,13.997077941894531,10.00523567199707,0.0,3.9970874786376953,0.0,4.000186920166016,14.919281005859375,9.029388427734375
119,1.003265380859375,0.9999275207519531,80.98077774047852,1.010894775390625,50.9946346282959,170.93920707702637,7.181644439697266,0.0,0.9999275207519531,35.999298095703125,1.0006427764892578,27.9998779296875,16.99995994567871,20.000219345092773,0.0,9.999752044677734,0.0,13.00048828125,38.99979591369629,40.999650955200195
120,1.9986629486083984,1.0004043579101562,74.02634620666504,1.995086669921875,47.005653381347656,164.68453407287598,4.999399185180664,0.0,0.99945068359375,39.999961853027344,0.0,32.000064849853516,8.99958610534668,33.002614974975586,0.0,14.997720718383789,0.0,12.998342514038086,77.00109481811523,37.00089454650879
121,1.010894775390625,1.9996166229248047,79.00023460388184,1.9998550415039062,46.00024223327637,169.9998378753662,8.000373840332031,0.0,1.0004043579101562,33.99991989135742,0.0,34.99960899353027,10.999917984008789,35.99977493286133,1.0006427764892578,23.999929428100586,1.0004043579101562,49.00026321411133,12.999773025512695,27.23097801208496
122,1.0137557983398438,0.9922981262207031,65.96803665161133,1.0001659393310547,45.99952697753906,170.38702964782715,5.000591278076172,1.0001659393310547,1.0006427764892578,24.000167846679688,0.0,28.004169464111328,9.97614860534668,14.000177383422852,0.0,4.000186920166016,0.0,23.000240325927734,9.52911376953125,18.997669219970703
123,0.99945068359375,0.9999275207519531,89.18166160583496,0.9999275207519531,45.99952697753906,168.0004596710205,9.999752044677734,0.0,1.9993782043457031,36.99994087219238,1.0004043579101562,36.00001335144043,20.000219345092773,63.59267234802246,0.9999275207519531,27.9998779296875,0.0,30.00020980834961,538.0001068115234,79.99992370605469
124,0.9989738464355469,1.0004043579101562,93.99962425231934,0.9999275207519531,46.99969291687012,166.0001277923584,7.000207901000977,0.0,1.0001659393310547,29.999732971191406,0.9996891021728516,46.99993133544922,12.999534606933594,40.000200271606445,0.0,10.999441146850586,1.0001659393310547,29.000043869018555,19.00005340576172,62.03436851501465
125,0.0,0.9999275207519531,47.99485206604004,1.0333061218261719,45.996904373168945,169.01707649230957,2.991914749145508,0.0,0.0,24.004220962524414,0.0,17.00878143310547,5.006551742553711,13.994216918945312,0.0,10.974645614624023,1.0008811950683594,24.99985694885254,51.60713195800781,11.00015640258789
126,0.0,0.0,15.999794006347656,0.0,46.99993133544922,172.99938201904297,4.000663757324219,0.0,0.0,6.999969482421875,0.0,4.999876022338867,4.999637603759766,7.999658584594727,0.0,5.00035285949707,1.0001659393310547,5.99980354309082,9.619712829589844,11.99960708618164
127,1.0004043579101562,1.0001659393310547,61.748504638671875,1.0001659393310547,45.99881172180176,170.0000762939453,8.000612258911133,1.0001659393310547,0.9996891021728516,26.99136734008789,0.0,24.998188018798828,17.999887466430664,29.030561447143555,0.0,9.770393371582031,1.001119613647461,13.00358772277832,10.99705696105957,15.994787216186523
128,0.0,0.0,2.991914749145508,0.0,55.975914001464844,169.97623443603516,0.9911060333251953,0.0,0.0,2.010345458984375,0.0,1.9998550415039062,1.9683837890625,2.028942108154297,0.0,0.9953975677490234,0.0,1.9915103912353516,1.0073184967041016,1.9996166229248047
129,0.9679794311523438,0.9975433349609375,67.01231002807617,0.9999275207519531,47.00016975402832,170.99928855895996,4.999876022338867,0.0,1.992940902709961,37.96887397766113,0.9989738464355469,28.992652893066406,6.9942474365234375,29.001235961914062,1.0001659393310547,12.676715850830078,0.0,45.99928855895996,191.00356101989746,13.003110885620117
130,0.9825229644775391,0.0,28.00297737121582,0.99945068359375,47.99985885620117,169.69895362854004,2.0046234130859375,0.0,0.0,11.995553970336914,0.0,12.006044387817383,3.003835678100586,7.999181747436523,1.0035037994384766,9.000301361083984,0.0,7.999897003173828,36.99970245361328,13.000249862670898
131,0.0,1.0001659393310547,51.001787185668945,1.0006427764892578,48.59161376953125,172.00088500976562,4.001140594482422,0.0,0.0,20.020484924316406,0.0,22.00007438659668,6.999969482421875,15.000104904174805,0.0,11.999845504760742,0.9999275207519531,26.000261306762695,144.00029182434082,17.99941062927246
132,0.0,0.0,1.9862651824951172,0.0,50.998687744140625,174.00026321411133,0.0,0.0,0.0,0.99945068359375,0.0,0.9999275207519531,0.0,0.9996891021728516,0.0,2.001047134399414,0.0,0.9918212890625,1.0006427764892578,2.0003318786621094
133,0.0,0.9996891021728516,17.999887466430664,0.0,46.999454498291016,171.73314094543457,3.0002593994140625,0.0,0.0,9.999990463256836,0.0,7.000207901000977,4.000186920166016,9.000301361083984,0.0,6.999731063842773,0.0,7.000207901000977,38.00082206726074,9.999513626098633
134,0.0,0.0,16.999244689941406,0.0,51.99885368347168,174.00026321411133,2.0008087158203125,1.020193099975586,0.0,5.99980354309082,0.0,8.000373840332031,2.000093460083008,5.99980354309082,0.0,4.999876022338867,0.0,5.000591278076172,2.9997825622558594,7.000446319580078
135,0.0,0.0,54.99982833862305,1.0004043579101562,50.99940299987793,174.99947547912598,2.0003318786621094,0.0,0.0,14.000415802001953,0.0,26.59296989440918,2.9997825622558594,4.999876022338867,0.0,5.000114440917969,0.0,32.000064849853516,4.752397537231445,4.999637603759766
136,0.0,0.0,30.99966049194336,0.0,47.998666763305664,173.00009727478027,2.000570297241211,0.0,0.0,10.999917984008789,0.0,10.009765625,3.000020980834961,3.000020980834961,0.0,6.000280380249023,0.0,6.999969482421875,20.999670028686523,5.99980354309082
137,0.0,0.0,11.999845504760742,0.9999275207519531,49.99899864196777,177.99973487854004,2.001047134399414,0.0,1.0144710540771484,5.99980354309082,0.0,5.000114440917969,3.9997100830078125,6.000041961669922,0.0,3.000020980834961,0.0,4.999637603759766,5.000114440917969,6.00123405456543
138,0.9858608245849609,2.9997825622558594,84.99979972839355,2.000093460083008,50.99987983703613,177.80184745788574,9.000539779663086,0.0,1.0001659393310547,35.00008583068848,1.0004043579101562,38.00010681152344,13.74363899230957,50.00042915344238,1.0004043579101562,25.999784469604492,1.0006427764892578,37.20259666442871,14.028310775756836,31.999826431274414
139,0.0,0.0,51.003217697143555,0.9982585906982422,47.00779914855957,169.22855377197266,2.0003318786621094,0.0,0.0,12.002229690551758,0.0,16.99972152709961,1.9996166229248047,4.000186920166016,0.0,4.004240036010742,1.0118484497070312,7.007122039794922,2.0020008087158203,4.996776580810547
140,1.0156631469726562,0.9982585906982422,76.0042667388916,1.9989013671875,46.193838119506836,171.9987392425537,4.999637603759766,0.0,1.004934310913086,28.001070022583008,0.0,33.99848937988281,7.000207901000977,44.81029510498047,1.020669937133789,15.000581741333008,0.0,26.997089385986328,356.8551540374756,17.999649047851562
141,0.9660720825195312,1.0313987731933594,21.999835968017578,0.9951591491699219,47.00779914855957,170.99738121032715,3.000974655151367,0.0,0.0,6.998300552368164,0.0,10.000228881835938,2.9964447021484375,10.002374649047852,0.0,3.000497817993164,0.0,4.999637603759766,19.00172233581543,11.000633239746094
142,0.9975433349609375,1.9931793212890625,79.00023460388184,0.9992122650146484,45.99905014038086,174.99852180480957,4.999637603759766,0.0,1.0023117065429688,37.99939155578613,0.0,31.001567840576172,8.020401000976562,26.995420455932617,1.0004043579101562,18.00704002380371,0.0,19.007205963134766,183.96711349487305,51.000118255615234
143,0.9999275207519531,1.0001659393310547,58.98594856262207,0.9989738464355469,46.999454498291016,176.00011825561523,5.001306533813477,0.0,1.0004043579101562,29.000043869018555,0.9999275207519531,23.270130157470703,7.626771926879883,17.618656158447266,0.0,13.725757598876953,1.0001659393310547,13.999700546264648,64.00036811828613,18.007278442382812
144,0.0,0.9999275207519531,58.017730712890625,1.0004043579101562,47.99962043762207,171.99969291687012,4.000186920166016,0.0,1.0001659393310547,29.999732971191406,0.0,30.68995475769043,11.000394821166992,30.00020980834961,0.0,10.999441146850586,1.0004043579101562,23.000478744506836,14.999628067016602,63.863515853881836
145,0.0,1.0001659393310547,25.999784469604492,0.0,48.99930953979492,173.57921600341797,4.00090217590332,0.0,0.0,13.000249862670898,0.0,10.000228881835938,8.00013542175293,10.50567626953125,0.0,7.999897003173828,1.0001659393310547,6.999731063842773,39.00003433227539,12.999534606933594
146,0.9999275207519531,0.9999275207519531,93.99962425231934,1.9993782043457031,46.999454498291016,176.75113677978516,4.999637603759766,0.0,1.0008811950683594,36.00001335144043,1.0004043579101562,40.645599365234375,11.00015640258789,69.000244140625,1.0006427764892578,18.999814987182617,0.0,22.99976348876953,208.70471000671387,69.00310516357422
147,1.001596450805664,0.0,57.71446228027344,0.9996891021728516,47.03259468078613,169.7561740875244,7.999897003173828,0.0,0.9982585906982422,22.99976348876953,0.0,20.008087158203125,10.013341903686523,37.0028018951416,0.0,17.001867294311523,0.9982585906982422,17.999887466430664,15.000104904174805,62.996864318847656
148,0.0,0.0,19.96445655822754,0.0,47.99485206604004,168.99704933166504,4.001855850219727,0.0,0.0,12.861490249633789,0.0,9.000062942504883,5.000114440917969,10.997295379638672,0.0,6.005764007568359,1.0001659393310547,10.68735122680664,8.992671966552734,9.993553161621094
149,0.0,1.0004043579101562,34.99650955200195,0.0,48.00057411193848,169.7075366973877,5.993843078613281,0.9975433349609375,0.0,10.003089904785156,0.0,17.012596130371094,9.999275207519531,11.999845504760742,0.0,8.997917175292969,1.0001659393310547,17.99297332763672,252.92253494262695,29.001712799072266
150,0.0,1.0097026824951172,67.99530982971191,1.0025501251220703,47.99938201904297,171.68855667114258,5.001306533813477,0.0,1.0008811950683594,25.995492935180664,0.0,28.996706008911133,7.000207901000977,52.31785774230957,0.0,14.999866485595703,0.0,30.99966049194336,143.68128776550293,32.00030326843262
151,0.0,0.0,4.992485046386719,0.0,51.99933052062988,176.89776420593262,1.9998550415039062,0.0,0.0,2.0003318786621094,0.0,2.9997825622558594,3.000497817993164,4.999637603759766,0.0,2.9997825622558594,0.0,3.9997100830078125,4.000186920166016,6.999969482421875
152,0.0,0.0,52.99949645996094,1.0001659393310547,47.99914360046387,173.00009727478027,3.0007362365722656,0.0,0.0,10.999917984008789,0.9913444519042969,17.999887466430664,4.000186920166016,7.995128631591797,0.0,4.999876022338867,0.0,6.000280380249023,7.980585098266602,13.000249862670898
153,1.0004043579101562,1.0001659393310547,95.68262100219727,2.000570297241211,47.99985885620117,173.72679710388184,5.000829696655273,0.0,1.001119613647461,35.00032424926758,1.0001659393310547,39.99972343444824,7.000446319580078,40.99678993225098,0.0,18.993139266967773,1.0004043579101562,75.00004768371582,10.000228881835938,33.99968147277832
154,0.9996891021728516,1.9848346710205078,97.63336181640625,0.99945068359375,47.99962043762207,175.7497787475586,7.00068473815918,0.0,2.000093460083008,31.000137329101562,0.9999275207519531,42.6325798034668,12.000322341918945,66.00022315979004,1.0006427764892578,21.999359130859375,1.0006427764892578,36.00001335144043,478.9998531341553,59.000253677368164
155,0.9675025939941406,1.0004043579101562,69.80514526367188,1.0006427764892578,46.000003814697266,167.9997444152832,7.007360458374023,0.0,1.0001659393310547,32.996416091918945,0.9975433349609375,30.99989891052246,15.999794006347656,61.98382377624512,0.0,21.001815795898438,1.0020732879638672,25.012493133544922,405.1997661590576,61.00177764892578
156,0.0,0.0,9.000062942504883,1.0132789611816406,51.023244857788086,171.45466804504395,1.0304450988769531,0.0,0.9996891021728516,6.999731063842773,0.0,5.971193313598633,3.000020980834961,3.9992332458496094,0.0,2.000093460083008,0.0,2.9952526092529297,2.000093460083008,5.000114440917969
157,0.0,0.0,12.034416198730469,0.0,47.99985885620117,172.5003719329834,2.9981136322021484,0.0,0.0,2.996206283569336,0.0,4.999637603759766,4.00090217590332,2.004861831665039,0.0,1.9998550415039062,0.0,1.0004043579101562,7.999897003173828,2.9997825622558594
158,0.0,0.0,22.99952507019043,1.0006427764892578,48.99907112121582,172.00016975402832,6.000995635986328,0.0,0.9999275207519531,12.000083923339844,0.0,8.99958610534668,9.999513626098633,11.000394821166992,0.0,6.000518798828125,0.0,9.000301361083984,45.000314712524414,7.00068473815918
159,1.0006427764892578,0.9996891021728516,30.99989891052246,0.0,51.999807357788086,174.99995231628418,3.000497817993164,0.0,0.0,13.00048828125,0.0,14.999866485595703,7.999658584594727,11.953353881835938,0.0,4.000186920166016,0.0,3.999948501586914,14.000415802001953,19.00005340576172
160,0.0,0.0,26.999473571777344,0.0,48.99907112121582,174.99995231628418,2.000093460083008,0.0,0.0,7.999897003173828,0.0,7.999658584594727,3.999948501586914,7.000446319580078,0.0,3.998994827270508,0.0,4.003047943115234,6.995439529418945,17.000436782836914
161,0.9734630584716797,1.9960403442382812,96.99702262878418,1.9936561584472656,47.750234603881836,178.80702018737793,6.001949310302734,0.0,1.9977092742919922,33.61344337463379,0.0,42.00100898742676,12.24660873413086,42.999982833862305,1.003265380859375,13.99850845336914,0.9977817535400391,22.994518280029297,20.99895477294922,26.032447814941406
162,0.9865760803222656,0.9946823120117188,84.00297164916992,1.001596450805664,46.56362533569336,167.8309440612793,9.997367858886719,0.9953975677490234,0.9970664978027344,38.994550704956055,1.0073184967041016,39.00003433227539,16.00027084350586,78.0026912689209,0.9999275207519531,27.9998779296875,0.9696483612060547,32.00650215148926,457.2272300720215,65.03438949584961
163,0.0,0.9984970092773438,91.00031852722168,0.9970664978027344,47.99461364746094,173.9945411682129,7.002353668212891,0.0,1.001119613647461,39.00337219238281,0.0,38.999080657958984,11.02137565612793,51.00417137145996,1.003265380859375,24.859189987182617,0.0,35.00032424926758,128.9992332458496,46.00238800048828
164,1.033782958984375,0.9973049163818359,89.00022506713867,2.0008087158203125,46.75006866455078,175.001859664917,6.0024261474609375,0.0,1.0027885437011719,40.99726676940918,0.0,37.0020866394043,10.005474090576172,28.002023696899414,1.0030269622802734,17.000198364257812,1.0328292846679688,25.426149368286133,192.7778720855713,52.68979072570801
165,0.0,0.0,28.795242309570312,1.0340213775634766,51.00226402282715,170.7630157470703,3.000497817993164,0.0,0.9822845458984375,11.003732681274414,0.0,9.995222091674805,4.999399185180664,10.000228881835938,0.0,7.002115249633789,1.0001659393310547,15.995264053344727,7.997035980224609,19.977092742919922
166,0.0,0.0,8.986473083496094,0.0,52.00457572937012,171.00048065185547,2.9997825622558594,0.0,0.0,4.999637603759766,0.0,4.000425338745117,1.9998550415039062,3.000974655151367,0.0,5.018472671508789,0.0,4.992246627807617,3.0105113983154297,4.002094268798828
167,0.0,0.9984970092773438,55.0081729888916,1.0001659393310547,49.00622367858887,174.99303817749023,6.009340286254883,0.0,0.9973049163818359,18.999338150024414,0.9996891021728516,22.005081176757812,9.966611862182617,21.02828025817871,0.0,13.000249862670898,0.0,30.99822998046875,267.14539527893066,27.99844741821289
168,0.0,1.0046958923339844,46.9970703125,0.0,46.99540138244629,173.0062961578369,4.998683929443359,0.0,0.9951591491699219,22.001981735229492,0.9975433349609375,18.00251007080078,9.00578498840332,20.998001098632812,0.0,11.998414993286133,0.9977817535400391,32.00030326843262,64.99958038330078,29.000043869018555
169,1.0044574737548828,0.9970664978027344,61.00153923034668,0.9963512420654297,46.99897766113281,170.6387996673584,3.999948501586914,1.005411148071289,0.9877681732177734,21.004676818847656,0.9996891021728516,22.97830581665039,6.005525588989258,16.000032424926758,0.0,9.000301361083984,0.0,7.9975128173828125,27.002334594726562,12.002944946289062
170,0.9682178497314453,1.0144710540771484,61.89298629760742,0.9958744049072266,47.00064659118652,173.02751541137695,6.000995635986328,0.0,0.99945068359375,24.997949600219727,0.0,24.00040626525879,8.997440338134766,28.99765968322754,0.0,20.999908447265625,0.0,22.554636001586914,14.000654220581055,44.99387741088867
171,0.995635986328125,1.9977092742919922,100.00467300415039,0.99945068359375,47.99962043762207,174.99947547912598,4.999637603759766,0.0,2.004384994506836,40.99917411804199,0.0,41.001319885253906,8.97836685180664,33.00285339355469,0.0,11.995553970336914,0.0,14.031648635864258,52.999019622802734,19.978761672973633
172,0.0,1.0404586791992188,16.00027084350586,0.9965896606445312,51.052093505859375,168.77222061157227,1.9998550415039062,0.0,0.0,5.997180938720703,0.0,6.013154983520508,1.989126205444336,2.008199691772461,0.0,4.003286361694336,0.0,2.000093460083008,2.007007598876953,3.000020980834961
173,0.0,0.0,16.999006271362305,1.001596450805664,47.618865966796875,166.99957847595215,3.011941909790039,0.0,0.0,6.999492645263672,0.0,9.331464767456055,2.9954910278320312,7.008790969848633,0.0,4.995584487915039,0.0,7.000446319580078,2.996206283569336,4.999399185180664
174,1.0013580322265625,0.0,16.99972152709961,0.0,52.99973487854004,170.00198364257812,1.0008811950683594,0.0,0.9999275207519531,5.999565124511719,0.0,8.00013542175293,1.9998550415039062,2.9997825622558594,0.0,2.9997825622558594,0.0,8.000850677490234,2.000093460083008,4.000186920166016
175,1.0004043579101562,0.99945068359375,54.99982833862305,1.0001659393310547,47.99914360046387,169.70348358154297,4.003286361694336,0.0,0.9896755218505859,24.989843368530273,0.9934902191162109,22.002458572387695,12.991905212402344,22.984981536865234,1.0004043579101562,15.010356903076172,0.9999275207519531,33.997297286987305,180.00292778015137,14.001131057739258
176,0.0,0.0,63.99965286254883,0.9992122650146484,45.99452018737793,168.9906120300293,3.999948501586914,0.0,0.0,15.999317169189453,0.0,23.00429344177246,3.9992332458496094,13.002157211303711,0.0,6.99925422668457,0.0,14.996528625488281,106.99248313903809,9.505748748779297
177,0.9665489196777344,0.9996891021728516,60.00256538391113,0.9999275207519531,46.000003814697266,168.97916793823242,3.0002593994140625,0.0,0.0,20.999670028686523,0.0,20.999908447265625,3.9997100830078125,14.000177383422852,1.0001659393310547,5.99980354309082,0.0,22.00007438659668,62.72411346435547,27.9998779296875
178,1.0006427764892578,1.0001659393310547,87.00013160705566,1.0004043579101562,45.99952697753906,176.82433128356934,13.000249862670898,0.0,1.0004043579101562,36.99994087219238,0.9808540344238281,35.00008583068848,32.00030326843262,32.70387649536133,0.0,6.000280380249023,0.0,9.000062942504883,39.999961853027344,20.999908447265625
179,1.010894775390625,0.9996891021728516,28.789281845092773,0.0,48.99954795837402,172.29747772216797,3.0007362365722656,0.0,0.9999275207519531,9.999752044677734,0.0,10.999679565429688,4.000186920166016,9.000062942504883,0.0,8.99958610534668,0.0,21.00396156311035,32.99975395202637,10.999917984008789
180,0.99945068359375,0.9999275207519531,71.61116600036621,1.9996166229248047,48.000335693359375,174.99923706054688,2.0003318786621094,0.0,0.9999275207519531,23.000240325927734,0.0,33.99991989135742,4.000186920166016,6.000280380249023,0.0,8.017301559448242,0.0,54.000139236450195,3.999948501586914,4.999876022338867
181,0.0,0.0,46.999216079711914,0.0,47.99938201904297,170.73583602905273,1.9941329956054688,0.0,0.0,13.002872467041016,0.0,15.99431037902832,2.999544143676758,8.010387420654297,0.0,4.001140594482422,0.0,4.999876022338867,10.000944137573242,5.972623825073242
182,0.9765625,0.0,2.017974853515625,0.0,49.002885818481445,165.9984588623047,0.9973049163818359,0.0,0.0,1.9941329956054688,0.0,2.0012855529785156,1.0066032409667969,1.9938945770263672,0.0,1.0013580322265625,0.0,0.0,0.0,0.9877681732177734
183,0.9970664978027344,0.9982585906982422,65.00077247619629,0.9968280792236328,46.00238800048828,173.9659309387207,6.995677947998047,0.0,0.9996891021728516,29.999971389770508,0.9999275207519531,27.00018882751465,10.00070571899414,49.99995231628418,0.9999275207519531,19.99974250793457,0.0,35.00008583068848,252.69389152526855,52.99949645996094
184,1.0004043579101562,0.0,27.00018882751465,0.0,47.99914360046387,170.02344131469727,2.001047134399414,0.0,0.0,10.999441146850586,0.0,10.999679565429688,3.9904117584228516,10.999917984008789,0.0,8.00013542175293,0.0,10.999917984008789,3.000497817993164,5.00035285949707
185,0.0,1.0001659393310547,82.0000171661377,1.0004043579101562,45.99952697753906,180.9999942779541,11.000394821166992,0.0,1.0004043579101562,36.00025177001953,1.0001659393310547,36.00001335144043,20.617246627807617,54.000139236450195,0.0,29.00075912475586,0.0,31.000375747680664,445.74975967407227,104.00009155273438
186,1.0020732879638672,1.0001659393310547,27.9998779296875,1.0001659393310547,49.00002479553223,176.00107192993164,3.0002593994140625,0.0,0.0,11.99960708618164,0.0,13.000011444091797,4.998445510864258,7.989168167114258,0.0,8.00013542175293,0.0,9.000062942504883,44.99983787536621,14.999628067016602
187,0.9996891021728516,1.0004043579101562,68.00007820129395,1.0004043579101562,48.999786376953125,175.99987983703613,6.000995635986328,0.0,1.0004043579101562,33.00023078918457,0.0,24.980545043945312,9.999990463256836,34.000396728515625,1.0137557983398438,20.000219345092773,1.0004043579101562,19.99950408935547,186.9039535522461,19.000530242919922
188,0.0,0.9999275207519531,54.99982833862305,1.0001659393310547,47.998905181884766,176.01299285888672,4.000663757324219,0.0,0.9999275207519531,26.000022888183594,1.0006427764892578,24.999618530273438,4.999876022338867,22.00007438659668,0.0,11.99960708618164,0.0,23.000001907348633,9.999990463256836,9.781837463378906
189,0.9992122650146484,0.99945068359375,95.99971771240234,1.0001659393310547,46.9975471496582,169.9669361114502,6.000757217407227,1.0004043579101562,0.9999275207519531,35.7365608215332,0.0,43.99991035461426,7.999658584594727,46.030282974243164,0.9999275207519531,18.007993698120117,0.0,30.00783920288086,343.96862983703613,83.9996337890625
190,0.0,2.000093460083008,69.0000057220459,1.0001659393310547,47.71924018859863,177.0000457763672,4.999637603759766,0.0,1.0004043579101562,30.00020980834961,0.0,32.00078010559082,9.000301361083984,19.99974250793457,0.9999275207519531,15.000343322753906,0.0,19.00768280029297,9.999990463256836,15.000104904174805
191,0.9999275207519531,0.9996891021728516,78.0327320098877,1.0001659393310547,51.00584030151367,170.7913875579834,5.0048828125,0.0,1.032114028930664,28.99789810180664,0.0,25.017738342285156,7.997035980224609,17.598867416381836,0.9996891021728516,11.000394821166992,0.9934902191162109,22.00007438659668,202.12483406066895,18.740415573120117
192,0.9973049163818359,0.9865760803222656,52.98018455505371,1.0020732879638672,46.000003814697266,173.99859428405762,4.999876022338867,0.0,1.005411148071289,17.998933792114258,1.0020732879638672,23.997783660888672,8.00013542175293,13.97085189819336,0.9863376617431641,10.997295379638672,0.0,15.999555587768555,170.84860801696777,11.997699737548828
193,0.9999275207519531,1.0004043579101562,86.99345588684082,2.000093460083008,46.00167274475098,168.5326099395752,6.0214996337890625,0.0,1.9998550415039062,34.6832275390625,1.001119613647461,36.00001335144043,9.998321533203125,54.71324920654297,1.0349750518798828,22.002220153808594,1.0318756103515625,30.997753143310547,147.00722694396973,82.79919624328613
194,0.0,0.9992122650146484,23.006677627563477,0.0,48.99954795837402,174.00002479553223,3.000497817993164,0.0,0.0,9.999752044677734,0.0,9.999752044677734,4.000186920166016,6.999969482421875,0.0,9.745359420776367,0.0,6.000518798828125,3.999948501586914,7.999897003173828
195,0.0,0.0,0.99945068359375,0.0,50.99940299987793,174.99995231628418,0.0,1.0013580322265625,0.0,0.0,0.0,0.0,0.9999275207519531,1.0001659393310547,0.0,1.0004043579101562,0.0,2.0003318786621094,0.9999275207519531,1.9998550415039062
196,0.99945068359375,1.0137557983398438,65.00005722045898,1.0004043579101562,46.99969291687012,176.70631408691406,4.000425338745117,1.0004043579101562,2.003192901611328,24.999618530273438,0.0,23.000001907348633,6.000041961669922,15.000104904174805,0.0,9.000539779663086,0.0,12.000083923339844,111.9999885559082,14.000415802001953
197,0.9810924530029297,1.0004043579101562,88.00005912780762,2.000093460083008,46.999454498291016,176.00011825561523,19.00029182434082,0.9999275207519531,1.0001659393310547,36.00001335144043,1.0001659393310547,35.00032424926758,83.9998722076416,27.00042724609375,0.0,5.99980354309082,1.0006427764892578,7.984399795532227,166.6126251220703,39.00003433227539
198,0.9992122650146484,1.0101795196533203,73.00019264221191,0.9999275207519531,46.99969291687012,173.72775077819824,9.000301361083984,0.0,0.9999275207519531,22.99976348876953,0.0,30.00020980834961,16.99995994567871,19.00005340576172,0.0,5.00035285949707,0.0,5.99980354309082,55.00030517578125,24.999618530273438
199,0.0,1.0073184967041016,75.00028610229492,1.0001659393310547,45.99928855895996,174.00050163269043,4.000425338745117,0.0,1.0001659393310547,21.999597549438477,1.0001659393310547,28.614044189453125,4.000663757324219,13.99993896484375,0.0,7.999897003173828,1.0006427764892578,48.00009727478027,4.999399185180664,13.000011444091797
200,0.0,0.9992122650146484,21.000146865844727,0.9996891021728516,51.71942710876465,175.38738250732422,2.0003318786621094,1.0001659393310547,0.0,7.999897003173828,0.0,9.000301361083984,4.999876022338867,8.999824523925781,0.0,6.999969482421875,0.0,6.000041961669922,4.999637603759766,8.997201919555664
201,0.99945068359375,1.0001659393310547,83.00065994262695,1.5077590942382812,48.94757270812988,173.64025115966797,7.000446319580078,1.0001659393310547,1.0004043579101562,34.999847412109375,1.0001659393310547,30.99966049194336,17.000198364257812,35.00056266784668,0.0,13.99993896484375,0.9996891021728516,55.00006675720215,31.000614166259766,66.37740135192871
202,0.9996891021728516,0.9999275207519531,92.99206733703613,1.9993782043457031,45.99952697753906,174.99995231628418,5.000591278076172,0.0,1.0001659393310547,27.9996395111084,1.0006427764892578,41.99934005737305,8.000612258911133,62.99996376037598,1.0004043579101562,16.000032424926758,1.0001659393310547,22.515058517456055,174.2250919342041,46.23913764953613
203,1.0035037994384766,0.0,55.68861961364746,0.9973049163818359,49.38530921936035,171.99230194091797,2.002716064453125,0.0,0.0,23.231983184814453,0.0,22.99642562866211,3.0028820037841797,17.000198364257812,0.0,7.045269012451172,0.0,24.993181228637695,49.503326416015625,9.000062942504883
204,1.9989013671875,2.000093460083008,100.99983215332031,1.9998550415039062,50.99797248840332,174.3757724761963,6.001710891723633,0.0,1.9981861114501953,42.00935363769531,0.9965896606445312,46.00024223327637,14.99485969543457,91.78853034973145,0.9965896606445312,14.999866485595703,0.0,29.00218963623047,279.74605560302734,122.67327308654785
205,0.0,1.0006427764892578,43.966054916381836,1.0004043579101562,49.00383949279785,171.9963550567627,5.019426345825195,0.0,0.9999275207519531,16.998291015625,1.0063648223876953,19.002676010131836,7.0018768310546875,18.002986907958984,1.0030269622802734,12.999534606933594,1.0030269622802734,22.001028060913086,214.6921157836914,31.012773513793945
206,1.0116100311279297,1.9991397857666016,85.99066734313965,2.0051002502441406,46.00358009338379,166.99981689453125,8.997678756713867,0.0,1.0020732879638672,34.000396728515625,1.0013580322265625,34.99937057495117,8.997917175292969,39.00003433227539,1.0035037994384766,25.28238296508789,0.0,26.99756622314453,342.99421310424805,21.999597549438477
207,0.0,0.0,15.661478042602539,0.0,51.0251522064209,170.99928855895996,3.007173538208008,0.0,0.9982585906982422,6.000041961669922,0.0,7.000446319580078,3.9970874786376953,7.000207901000977,0.0,4.004955291748047,0.0,8.002996444702148,3.9987564086914062,7.004022598266602
208,0.9698867797851562,0.9968280792236328,77.78787612915039,0.9987354278564453,46.0047721862793,166.81265830993652,5.999088287353516,0.0,1.0001659393310547,28.996706008911133,0.0,32.99832344055176,9.007930755615234,36.002159118652344,1.0030269622802734,15.000343322753906,0.9996891021728516,21.997690200805664,170.00436782836914,30.683517456054688
209,0.9820461273193359,0.9992122650146484,73.00138473510742,0.9977817535400391,46.99969291687012,166.00847244262695,13.008594512939453,1.0001659393310547,1.001119613647461,30.999422073364258,0.0,28.000831604003906,26.999473571777344,25.977373123168945,0.0,7.966518402099609,1.0192394256591797,49.00026321411133,36.997318267822266,17.99917221069336
210,1.020193099975586,1.9993782043457031,104.75659370422363,2.005338668823242,45.998573303222656,169.77500915527344,5.998849868774414,0.9975433349609375,2.007007598876953,42.97018051147461,0.0,42.99807548522949,8.997917175292969,32.99546241760254,1.0099411010742188,22.99976348876953,1.0075569152832031,41.999101638793945,220.99685668945312,82.00621604919434
211,0.0,0.0,19.002437591552734,0.0,51.991939544677734,167.63997077941895,2.000093460083008,0.0,0.0,6.0024261474609375,0.0,9.002447128295898,2.9993057250976562,9.000301361083984,0.0,2.999544143676758,0.0,9.002447128295898,14.997005462646484,13.002157211303711
212,0.0,1.0025501251220703,60.99534034729004,0.9970664978027344,47.68109321594238,169.77882385253906,6.000280380249023,0.0,0.9973049163818359,27.9998779296875,0.0,24.999141693115234,7.993459701538086,36.998748779296875,1.0023117065429688,16.00027084350586,1.020669937133789,18.759965896606445,7.004261016845703,17.997264862060547
213,0.0,0.0,28.99789810180664,0.0,45.996665954589844,172.00541496276855,2.994060516357422,0.0,0.0,15.9912109375,0.0,13.99993896484375,5.99980354309082,8.999824523925781,1.0001659393310547,10.999441146850586,1.0006427764892578,24.00064468383789,8.002519607543945,8.00180435180664
214,1.009225845336914,0.0,41.997671127319336,1.0004043579101562,46.000003814697266,167.00029373168945,3.0031204223632812,0.0,1.0023117065429688,15.998125076293945,0.0,16.00050926208496,2.9990673065185547,13.998270034790039,1.0020732879638672,6.004095077514648,0.0,9.027481079101562,66.99776649475098,18.999576568603516
215,1.0042190551757812,1.9903182983398438,64.00012969970703,1.0001659393310547,45.998573303222656,166.99981689453125,5.988359451293945,0.0,1.003265380859375,26.99875831604004,0.0,27.995824813842773,8.999824523925781,35.99858283996582,0.9958744049072266,22.99952507019043,1.0042190551757812,28.99932861328125,8.997678756713867,22.292137145996094
216,0.9889602661132812,1.0082721710205078,51.00274085998535,0.0,46.00167274475098,169.00205612182617,3.9997100830078125,0.0,0.0,18.9666748046875,0.9999275207519531,18.99409294128418,5.992650985717773,24.996280670166016,0.9894371032714844,11.001825332641602,0.0,19.99521255493164,81.00008964538574,28.00130844116211
217,0.9839534759521484,1.0006427764892578,82.00550079345703,0.9996891021728516,47.823429107666016,168.20955276489258,10.99538803100586,0.0,0.9961128234863281,29.99734878540039,0.9973049163818359,34.00015830993652,34.01923179626465,57.00063705444336,1.0030269622802734,12.97616958618164,1.0001659393310547,21.03257179260254,52.99973487854004,37.671566009521484
218,0.9686946868896484,0.9980201721191406,59.99922752380371,0.96893310546875,50.33135414123535,167.00363159179688,7.002592086791992,0.0,0.9980201721191406,26.731252670288086,1.0046958923339844,22.99952507019043,8.988142013549805,25.96569061279297,0.9853839874267578,12.000083923339844,0.9973049163818359,15.002012252807617,197.57890701293945,47.00660705566406
219,0.9984970092773438,0.9944438934326172,97.9921817779541,1.9993782043457031,45.999765396118164,174.8213768005371,13.99850845336914,0.0,0.9999275207519531,41.98884963989258,1.0025501251220703,41.99719429016113,25.967121124267578,66.68996810913086,1.0001659393310547,26.000499725341797,1.0004043579101562,31.978368759155273,428.62391471862793,130.00011444091797
220,0.0,0.0,19.001007080078125,0.0,47.99938201904297,169.9995994567871,6.000518798828125,0.0,1.0001659393310547,24.000167846679688,0.0,7.999420166015625,6.999969482421875,12.999296188354492,1.0001659393310547,8.00013542175293,0.0,8.991003036499023,11.999368667602539,13.768434524536133
221,0.99945068359375,0.9999275207519531,88.00077438354492,2.000093460083008,46.99993133544922,174.00050163269043,14.607667922973633,0.0,1.9998550415039062,36.99994087219238,0.0,37.000179290771484,31.000375747680664,50.99987983703613,1.0004043579101562,16.000032424926758,0.0,13.000011444091797,58.99977684020996,91.99333190917969
222,0.0,1.0080337524414062,63.0037784576416,0.0,46.71120643615723,177.0000457763672,4.003047943115234,0.0,0.0,20.999670028686523,0.0,22.01056480407715,9.997844696044922,20.0347900390625,0.9970664978027344,8.004903793334961,0.0,11.999368667602539,173.0024814605713,28.000831604003906
223,0.9751319885253906,0.0,92.96870231628418,1.0008811950683594,46.998023986816406,167.99688339233398,7.003068923950195,0.0,0.9913444519042969,26.000261306762695,0.0,39.99829292297363,4.99725341796875,24.0023136138916,0.0,8.008241653442383,0.0,26.000022888183594,7.992744445800781,13.982534408569336
224,0.0,0.0,2.0034313201904297,0.0,49.00312423706055,167.9971218109131,1.9686222076416016,0.0,0.0,1.0008811950683594,0.0,0.9980201721191406,1.9998550415039062,2.9964447021484375,1.0304450988769531,1.9998550415039062,0.0,2.0008087158203125,2.000093460083008,3.0024051666259766
225,0.0,0.0,10.026931762695312,0.0,52.00529098510742,169.80671882629395,2.968311309814453,0.0,0.0,6.011247634887695,0.0,4.99725341796875,4.000425338745117,6.997585296630859,0.0,4.006385803222656,0.0,6.000280380249023,3.972768783569336,4.971027374267578
226,0.0,1.0309219360351562,19.002676010131836,0.0,47.98603057861328,172.03068733215332,1.0018348693847656,0.0,0.0,6.031990051269531,0.0,6.995439529418945,1.997232437133789,4.009008407592773,0.0,4.998445510864258,0.0,3.000974655151367,3.999471664428711,5.0067901611328125
227,0.0,1.0311603546142578,19.99974250793457,1.0275840759277344,47.99914360046387,168.9932346343994,3.0007362365722656,0.0,0.0,6.999492645263672,0.0,7.0018768310546875,2.9964447021484375,9.000062942504883,0.0,6.000518798828125,0.0,5.997657775878906,57.9988956451416,16.002178192138672
228,0.0,0.0,25.997161865234375,0.0,48.02894592285156,172.99914360046387,1.9984245300292969,0.0,0.0,7.007122039794922,0.0,9.996891021728516,3.0024051666259766,4.000663757324219,0.0,4.982948303222656,0.0,5.000829696655273,31.973838806152344,6.998538970947266
229,0.9682178497314453,0.9996891021728516,54.97407913208008,1.0006427764892578,48.52914810180664,173.201322555542,5.000114440917969,0.0,1.0004043579101562,26.999711990356445,0.0,21.691322326660156,6.999969482421875,20.000457763671875,1.0001659393310547,17.000198364257812,0.0,35.99977493286133,40.999412536621094,11.999845504760742
230,1.0116100311279297,0.9999275207519531,77.97527313232422,1.9996166229248047,47.002315521240234,176.69081687927246,6.016016006469727,0.99945068359375,0.9977817535400391,32.00054168701172,0.9970664978027344,32.00078010559082,41.00608825683594,22.99809455871582,0.0,17.99774169921875,0.9970664978027344,39.00003433227539,314.99743461608887,20.000934600830078
231,0.0,0.9679794311523438,57.990074157714844,0.0,46.99254035949707,174.19052124023438,4.997730255126953,0.0,1.0004043579101562,26.999473571777344,0.0,22.998571395874023,6.999492645263672,25.966882705688477,0.9999275207519531,15.999794006347656,1.0001659393310547,17.999887466430664,123.0001449584961,41.0003662109375
232,1.0013580322265625,1.0035037994384766,69.99802589416504,1.0025501251220703,44.99936103820801,170.00174522399902,3.9980411529541016,0.0,1.031637191772461,18.9974308013916,0.0,28.000593185424805,6.968259811401367,10.001897811889648,0.0,4.005908966064453,0.0,3.9861202239990234,8.010149002075195,11.000394821166992
233,0.0,0.9996891021728516,6.000280380249023,0.0,50.00019073486328,174.99947547912598,2.0003318786621094,0.9996891021728516,0.0,4.999637603759766,0.0,3.999948501586914,2.981901168823242,4.013299942016602,0.0,1.0020732879638672,0.0,4.000186920166016,3.9968490600585938,4.997014999389648
234,0.0,0.0,11.000633239746094,0.9844303131103516,50.99630355834961,174.790620803833,1.9996166229248047,0.0,0.0,4.998683929443359,0.0,5.006074905395508,3.993988037109375,7.998228073120117,0.0,5.9967041015625,0.9937286376953125,4.991769790649414,57.999610900878906,6.994485855102539
235,0.9934902191162109,1.9993782043457031,91.99786186218262,0.99945068359375,46.00024223327637,175.0020980834961,7.999897003173828,0.0,1.0001659393310547,39.99757766723633,0.0,31.999826431274414,17.001867294311523,34.99484062194824,1.0044574737548828,7.9669952392578125,0.0,9.005069732666016,35.00175476074219,26.99732780456543
236,1.9807815551757812,0.9970664978027344,99.99990463256836,0.9970664978027344,48.00820350646973,183.2730770111084,10.000467300415039,0.0,2.008199691772461,47.00136184692383,0.9999275207519531,55.99474906921387,17.014265060424805,68.99785995483398,1.0004043579101562,26.000022888183594,2.000570297241211,81.00008964538574,266.71338081359863,119.69876289367676
237,1.0297298431396484,0.9984970092773438,62.651872634887695,1.031637191772461,47.966957092285156,172.03044891357422,3.996610641479492,0.9660720825195312,1.0066032409667969,30.37738800048828,0.0,31.03327751159668,5.981922149658203,19.994258880615234,1.0104179382324219,18.000125885009766,1.0094642639160156,29.00242805480957,4.99415397644043,19.99807357788086
238,0.0,0.0,60.03236770629883,1.0013580322265625,47.000885009765625,170.7019805908203,6.027936935424805,0.0,0.9989738464355469,25.99358558654785,0.0,26.999950408935547,7.999658584594727,37.000179290771484,0.0,21.99530601501465,1.004934310913086,27.999401092529297,271.439790725708,61.99359893798828
239,0.9684562683105469,1.0006427764892578,82.78250694274902,1.9681453704833984,50.000667572021484,169.68154907226562,17.682552337646484,1.0025501251220703,1.997232437133789,39.00003433227539,0.99945068359375,35.00247001647949,49.97968673706055,42.009830474853516,0.0,10.996580123901367,1.005411148071289,62.00385093688965,148.9715576171875,80.00040054321289
240,0.0,0.0,37.206411361694336,0.9920597076416016,47.03640937805176,166.8112277984619,4.000425338745117,0.0,0.0,6.995201110839844,0.0,11.993408203125,5.971193313598633,9.031295776367188,0.0,3.9911270141601562,0.0,4.029035568237305,12.999773025512695,13.99993896484375
241,0.9996891021728516,1.9948482513427734,86.64321899414062,0.9999275207519531,46.03171348571777,175.76909065246582,6.992340087890625,0.0,0.99945068359375,39.000749588012695,0.9963512420654297,38.99884223937988,12.983083724975586,41.031599044799805,1.0058879852294922,19.99974250793457,1.0006427764892578,29.000043869018555,348.0334281921387,21.99721336364746
242,0.0,0.99945068359375,35.99953651428223,0.0,47.99962043762207,173.6929416656494,3.0002593994140625,0.0,0.0,6.999492645263672,0.0,14.997243881225586,7.000207901000977,19.999980926513672,0.0,1.9998550415039062,0.0,6.999969482421875,8.999824523925781,9.000778198242188
243,1.001119613647461,0.9996891021728516,101.74679756164551,1.0006427764892578,46.00024223327637,168.96891593933105,11.98434829711914,0.0,2.000093460083008,41.03350639343262,1.0001659393310547,43.036699295043945,11.003732681274414,87.02826499938965,1.0037422180175781,21.965980529785156,0.0,39.999961853027344,472.888708114624,43.065786361694336
244,0.0,0.0,6.999969482421875,0.0,55.98926544189453,181.87904357910156,1.0004043579101562,0.0,0.0,4.028558731079102,0.0,2.995729446411133,0.9999275207519531,4.000425338745117,0.0,1.9736289978027344,0.0,6.006479263305664,0.9999275207519531,6.999492645263672
245,0.0,0.0,12.018442153930664,0.9911060333251953,51.026344299316406,173.7685203552246,1.997232437133789,0.0,0.0,5.970239639282227,0.0,5.03087043762207,3.9827823638916016,6.004095077514648,0.0,6.997823715209961,0.0,5.0220489501953125,8.999824523925781,12.002706527709961
246,0.0,0.0,14.002323150634766,1.0004043579101562,49.96895790100098,172.76620864868164,1.0213851928710938,0.0,0.0,5.002260208129883,0.0,6.005525588989258,1.9969940185546875,5.000114440917969,0.0,3.999948501586914,0.0,4.9686431884765625,3.999471664428711,7.991790771484375
247,0.9970664978027344,1.9695758819580078,94.77949142456055,1.9993782043457031,49.0114688873291,171.00024223327637,5.002260208129883,0.0,1.0044574737548828,27.9996395111084,0.9980201721191406,40.999650955200195,6.9942474365234375,62.03126907348633,0.0,14.999151229858398,0.9999275207519531,21.025419235229492,169.9988842010498,126.52850151062012
248,0.0,0.9999275207519531,37.9641056060791,0.0,48.81572723388672,170.9597110748291,2.0003318786621094,0.9996891021728516,0.0,17.000198364257812,0.0,14.999866485595703,5.99980354309082,12.000083923339844,0.9999275207519531,8.000612258911133,0.0,10.000228881835938,89.99991416931152,12.999534606933594
249,0.0,1.9719600677490234,83.9986801147461,1.0013580322265625,45.03154754638672,176.00011825561523,8.021831512451172,0.0,2.090930938720703,34.99960899353027,0.9980201721191406,37.74523735046387,10.968923568725586,48.999786376953125,0.9958744049072266,27.997255325317383,0.0,33.00118446350098,21.99721336364746,57.00111389160156
